ID,Stratum,Long,Lat,zone,x,y,pixel,line,centxUTM,centyUTM,MGRS
1,4,-52.3797917102057,-23.2971467994267,22,358898.815566967,-2577086.48704276,5297,395902,358905,-2577075,22KCV
2,3,129.850327595496,-29.5772398794719,52,582359.070537228,-3272243.28094502,12745,382408,582345,-3272235,52JEN
3,6,-98.6005586859852,33.7710037768831,14,536986.343666376,3736837.47098816,11233,178772,536985,3736845,14SNC
4,5,19.3328943581821,4.57490276191496,34,315054.046020418,505889.648256186,3835,249805,315045,505875,34NCL
5,6,115.619006364017,63.1080885488063,50,430311.887072478,6998381.2917067,7677,50054,430305,6998385,50VMR
6,5,15.1935536079652,12.4217967377052,33,521036.779760423,1373203.44532142,10701,254226,521025,1373205,33PWP
7,3,-78.197456907312,36.4513560887609,17,751169.08680861,4037663.6958484,18372,175411,751155,4037655,17SQA
8,2,133.364597333927,-25.4713425572328,53,335592.965586219,-2818149.75100743,4520,377272,335595,-2818155,53JLM
9,3,114.806719288158,44.0313007154011,50,324246.622271308,4877688.03095597,4142,120744,324255,4877685,50TLP
10,1,58.3342892132568,43.3070503021754,40,608213.199318237,4795777.4671119,13607,146808,608205,4795785,40TFP
11,5,33.6826632486904,58.5296417050283,36,539753.705649453,6487881.27094187,11325,47071,539745,6487875,36VWK
12,4,128.34991259126,-19.7120664930397,52,431873.530936157,-2179749.46256616,7729,345992,431865,-2179755,52KDD
13,6,48.7769761766772,31.7549016766466,39,289443.129891683,3515419.31154179,2982,186153,289455,3515415,39STR
14,2,132.987273766129,-15.6978615561924,53,284296.504151295,-1736540.36294926,2810,341218,284295,-1736535,53LKC
15,6,-65.7245807300227,-13.7647063534844,20,205374.369266344,-1523371.94106361,179,357447,205365,-1523385,20LKK
16,1,-95.9907004647714,51.3038417006845,14,709758.201693991,5687915.10061259,16992,113736,709755,5687925,14UQB
17,2,-66.0409122831665,-34.5025355050592,19,771689.248033726,-3821854.55981387,19056,437395,771675,-3821865,19HGB
18,6,-111.12708312371,43.5689905609097,12,489737.755503777,4824011.22824736,9658,132533,489735,4824015,12TVP
19,4,139.724212725296,-35.5128534766098,54,384310.196774715,-3930667.23926529,6144,414356,384315,-3930675,54HUF
20,4,-61.6777340397434,-36.3753774230692,20,618608.507814151,-4026396.37722655,13954,440881,618615,-4026405,20HPE
21,3,62.1608000202387,36.2445543231012,41,424598.293210286,4011400.14768533,7487,169620,424605,4011405,41SMA
22,3,36.6117802650962,35.5289140457061,37,283462.068035879,3934323.58599216,2782,168855,283455,3934335,37SBV
23,4,-0.642859819081423,13.2829356384716,30,755383.706758986,1469632.33187161,18513,184346,755385,1469625,30PYV
24,2,148.869173893422,-34.973816379812,55,670629.991702996,-3871735.10687012,15688,415725,670635,-3871725,55HFB
25,5,159.302548716596,62.6973714880716,57,515483.247082991,6951908.28632554,10516,31603,515475,6951915,57VWK
26,1,-112.965912749088,56.5399973995596,12,379114.681534211,6267912.93536954,5971,84403,379125,6267915,12VUH
27,2,135.505149339747,-12.4791297237767,53,554891.717924246,-1379588.06684605,11830,329320,554895,-1379595,53LNG
28,6,-97.6761505590117,25.8938037778088,14,632614.008268031,2864592.50063508,14421,207847,632625,2864595,14RPP
29,5,-140.648244948864,64.6333690488544,07,516814.530400325,7167641.94347642,10561,21078,516825,7167645,07WEM
30,1,2.98891596710703,34.900568064581,31,498987.34167173,3862016.58739476,9966,167934,498975,3862005,31SDU
31,3,34.3020513739775,5.56617955852425,36,644219.36079821,615408.449613267,14807,242820,644205,615405,36NXM
32,4,-71.5123599040014,-30.5696629019209,19,259047.055035489,-3384599.18095942,1968,422819,259035,-3384585,19JBG
33,3,-99.0902233972174,28.2165763748512,14,491146.805318549,3121197.31962269,9705,199294,491145,3121185,14RMS
34,4,-103.524865001448,20.0476910292757,13,654273.434471127,2217439.70797045,15143,226085,654285,2217435,13QFC
35,1,128.68844339806,64.0446827219459,52,484785.476485925,7102030.49044593,9493,36599,484785,7102035,52WDS
36,5,87.6765297354393,74.6324284415128,45,520012.180533486,8282710.07529496,10667,27243,520005,8282715,45XWC
37,4,-106.38291797858,43.3903233442097,13,387996.129785546,4805089.67976665,6267,139830,388005,4805085,13TCJ
38,3,-9.03699775126213,10.2849141145346,29,495948.794429946,1136914.10430154,9865,265436,495945,1136925,29PMM
39,6,-153.764895898558,65.0860792405974,05,464046.865184416,7218265.65572358,8802,26059,464055,7218255,05WMN
40,6,-121.1776510517,40.3915360857499,10,654667.300059767,4472809.54707661,11822,140906,654675,4472805,10TFK
41,6,131.175143515009,42.9329611398477,52,677488.133760276,4755665.65043928,15916,114811,677475,4755675,52TFN
42,4,-5.07498988430811,15.2314339894489,30,277122.552287354,1684984.49628708,2571,177167,277125,1684995,30PTB
43,1,156.557251721356,64.5285811690981,56,670629.490377204,7160701.65425872,15688,47977,670635,7160715,56WPS
44,5,-164.013810460421,67.8236449501216,03,541539.576479828,7523533.55170469,8051,12549,541545,7523535,03WWR
45,6,112.507863628014,63.1395302235172,49,576007.189726322,7002027.7325192,12534,59933,576015,7002015,49VEL
46,6,16.8368443043013,-12.9661409903377,33,699247.769688763,-1434108.18588217,16642,347803,699255,-1434105,33LXF
47,2,109.395768832545,41.0514979482215,49,365184.312349128,4545713.52201255,5506,141810,365175,4545705,49TCF
48,1,67.1050072818058,71.2625966350753,42,432069.067778213,7907748.47424215,7736,39742,432075,7907745,42WVE
49,1,141.247402396347,70.2168882685162,54,509345.43194242,7790079.23362745,10312,23664,509355,7790085,54WWC
50,3,149.762454023561,-25.6184080105064,55,777414.757098886,-2836319.10462089,19247,381211,777405,-2836305,55JGM
51,6,-48.6994871551866,-19.8288116813845,22,740954.931295251,-2194179.29234992,18032,383139,740955,-2194185,22KGD
52,6,-98.5509614404107,31.3192644045073,14,542724.659894489,3465072.35346227,11424,187831,542715,3465075,14RNV
53,2,121.617690292951,-23.4479285622596,51,358801.107974387,-2593784.58237014,5294,363127,358815,-2593785,51KUQ
54,2,147.412936101547,-27.7710410952708,55,540686.612255145,-3071908.1566169,11356,389064,540675,-3071895,55JEK
55,5,47.0694728250112,43.5446810437188,38,667183.620891394,4823384.08685955,15573,142554,667185,4823385,38TPP
56,3,10.8223170335566,11.3353093791243,32,698879.67572967,1253676.95119898,16629,211544,698865,1253685,32PPT
57,4,42.9366350919616,9.06019504259135,38,273198.041518163,1002150.4854205,2440,269928,273195,1002165,38PKR
58,2,25.0819256826738,-32.7234615552204,35,320250.557352414,-3622257.37842478,4009,420741,320265,-3622245,35HLD
59,6,115.468053786593,35.8121508242915,50,361597.384891991,3964196.35937913,5387,151194,361605,3964185,50SLE
60,5,29.2105950002455,10.5934351336928,35,741875.123247127,1171884.07345216,18063,260937,741885,1171875,35PQM
61,3,18.6108803691468,-9.85308621531041,34,237974.485845704,-1090104.4985474,1266,303004,237975,-1090095,34LBQ
62,3,127.947952879446,-16.9001631320261,52,387952.309818978,-1868809.70721671,6265,335627,387945,-1868805,52KCG
63,1,4.64617101620718,16.3862976137374,31,675804.522977448,1812378.86020469,15860,236255,675795,1812375,31QFU
64,2,21.5930992668063,-9.59656304098391,34,565080.697570875,-1060863.76907458,12170,302030,565095,-1060875,34LEQ
65,4,123.112950511008,-27.8620296601581,51,511119.696138486,-3081923.96489309,10371,379398,511125,-3081915,51JWK
66,1,-48.8461791744172,-1.32692547600371,22,739659.263320311,-146769.747234348,17989,314892,739665,-146775,22MGD
67,6,-52.2741955851163,-21.1005423173173,22,367655.11279717,-2333804.84388081,5589,387793,367665,-2333805,22KCB
68,5,24.553415554018,57.5962874240476,35,353779.255091426,6386401.44309353,5126,87119,353775,6386415,35VLD
69,4,63.0862516319834,46.725632326106,41,506590.821716411,5174678.97154546,10220,130844,506595,5174685,41TNM
70,1,-79.5701165250654,37.965048744387,17,625602.71004182,4202901.39155435,14187,169903,625605,4202895,17SPC
71,5,-137.169504894541,64.5025403636631,07,683899.333510576,7158566.95557011,16130,21381,683895,7158555,07WFM
72,3,-97.4151517945089,17.770808701797,14,668009.141021237,1965538.33150876,15600,237816,667995,1965525,14QPE
73,4,33.3582026132727,4.05743633469194,36,539760.00526276,448484.939783284,11326,248384,539775,448485,36NWK
74,1,86.9167586134907,53.1501765730419,45,494433.04316841,5888979.88137573,9815,107034,494445,5888985,45UVU
75,2,46.6828096349766,29.4720193610816,38,663167.53937035,3261462.28337373,15439,194618,663165,3261465,38RPT
76,3,-55.0464142266665,-26.6490570543781,21,694446.112786276,-2949053.2708332,16482,408301,694455,-2949045,21JXL
77,1,135.473635720397,-33.9434468212184,53,543768.385760049,-3755986.51664307,11459,408533,543765,-3755985,53HNC
78,4,-85.9083039066468,42.0103942992767,16,590397.539167881,4651506.70360199,13013,154949,590385,4651515,16TEM
79,4,-42.9986126972061,-6.04992879300227,23,721516.513438669,-669131.695477679,17384,332304,721515,-669135,23MQP
80,5,82.3111250577273,68.5565390661526,44,553488.787297798,7605485.22170429,11783,46483,553485,7605495,44WNB
81,1,49.8001975441348,67.2810370272732,39,448292.880577063,7463209.28753308,8277,54560,448305,7463205,39WVQ
82,2,-104.873633309216,43.2444973427491,13,510259.007560892,4787974.14319494,10342,140400,510255,4787985,13TEH
83,6,-126.002453408936,53.5103920677137,09,698759.65839433,5933231.54028494,13291,72225,698745,5933235,09UXV
84,4,-101.270713874635,31.6448243813366,14,284670.742425223,3503307.62206951,2823,186557,284685,3503295,14SKA
85,6,-162.093540828975,68.1093050178512,03,620893.09936923,7557896.89575741,10696,11404,620895,7557885,03WXR
86,5,-79.1626067393133,54.7243917167489,17,618332.884850526,6065671.92061861,13945,107810,618345,6065685,17UPA
87,4,-57.2678935726647,-30.0402159747653,21,474172.661852643,-3323271.84859289,9139,420775,474165,-3323265,21JVG
88,5,104.335966519356,33.0780215236549,48,438022.84768762,3660132.49096437,7934,174663,438015,3660135,48SVB
89,4,-16.7740091324031,15.3576019208459,28,309575.085872721,1698659.91321168,3653,246712,309585,1698645,28PCC
90,5,1.29327426428432,41.3971096208992,31,357324.019387541,4584246.9610177,5244,143859,357315,4584255,31TCF
91,1,37.4168654195915,9.68789896476429,37,326311.563203302,1071309.7030311,4211,264289,326325,1071315,37PCL
92,2,82.8927128909544,52.4873206671643,44,628514.097129774,5816925.66692703,14284,106102,628515,5816925,44UPD
93,3,138.523360962776,-33.0631753683422,54,268778.35347168,-3661018.00195269,2293,405367,268785,-3661005,54HTJ
94,1,85.7915277391346,37.4973106405913,45,393177.145249519,4150728.78982944,6439,164976,393165,4150725,45SUB
95,5,3.91916585709495,46.6199661845604,31,570373.88863961,5163344.0321517,12346,124556,570375,5163345,31TEM
96,1,157.913993798755,65.6952155234999,57,450124.340408491,7286369.38636426,8338,20455,450135,7286355,57WVN
97,1,26.4573646751403,20.0319989284374,35,443248.333468325,2215114.37349797,8108,226162,443235,2215125,35QMC
98,4,35.6265313582628,-1.60570593882946,36,792256.089647043,-177667.024970484,19742,269256,792255,-177675,36MYD
99,2,45.8235554024722,7.26693410692607,38,590912.919374719,803340.326498431,13031,276555,590925,803355,38NNP
100,4,-102.161165692225,41.0845605367137,13,738458.391127481,4552028.07369905,17949,148265,738465,4552035,13TGF
101,3,149.922648323404,-23.8268706271891,55,797749.612941581,-2638128.53879758,19925,374605,797745,-2638125,55KGP
102,3,83.4158864458788,53.2700833459818,44,661103.919200598,5905038.61393181,15370,103165,661095,5905035,44UPE
103,4,77.0988122140704,28.7372937917321,43,704963.734317237,3180686.02293307,16832,193977,704955,3180675,43RGM
104,5,-119.383975501228,36.8495421648011,11,287448.653736046,4080834.59399469,2915,157306,287445,4080825,11SKA
105,5,63.9823479612647,61.2196903550934,41,552762.386696376,6787654.31193717,11759,77078,552765,6787665,41VNH
106,2,20.7879289477815,-20.6206688645597,34,477904.464765966,-2280181.35314071,9264,342674,477915,-2280195,34KDC
107,5,124.88010288684,65.562822090177,51,586779.392170368,7272478.75123368,12893,34252,586785,7272465,51WWN
108,1,47.7755376946261,60.9816301772763,38,650172.864137533,6763922.89395353,15006,77869,650175,6763935,38VPN
109,5,-114.418204160222,47.5780516953685,11,694149.701371597,5272634.27998972,16472,117579,694155,5272635,11TPN
110,5,18.7640577330342,57.7790113288056,34,367036.528717335,6406302.54849769,5568,53124,367035,6406305,34VCK
111,1,23.9217112375945,61.390647736135,34,656042.226804732,6809794.64416698,15202,39674,656055,6809805,34VFP
112,1,130.332578129909,-11.5820384723286,52,645295.015152077,-1280676.22299573,14843,316023,645285,-1280685,52LFN
113,6,53.4012466577121,29.5525765699936,39,732661.739640762,3271614.43572193,17756,194280,732675,3271605,39RYN
114,3,10.2311848707699,6.85403072408087,32,636037.69228736,757786.966647701,14535,228074,636045,757785,32NPN
115,3,-111.342579698392,30.8574857474416,12,467246.63589601,3413858.17267114,8908,179538,467235,3413865,12RVV
116,5,22.124468138036,-12.1779957491179,34,622334.881479237,-1346489.44124514,14078,311550,622335,-1346475,34LFM
117,5,-120.788473474788,38.9141262271013,10,691741.369522345,4309572.25204051,13058,146347,691755,4309575,10SFJ
118,4,67.0997206999058,58.1708356670931,42,388220.54101865,6449305.20790954,6274,88357,388215,6449295,42VUK
119,3,-106.061229867868,46.0194157363258,13,417855.422525754,5096752.15709164,7262,130108,417855,5096745,13TDM
120,4,59.6976436756324,50.5040218462218,40,691290.064710914,5598148.77353273,16377,120063,691305,5598135,40UFB
121,3,38.4642811993339,-12.2816305061818,37,441742.601882017,-1357754.03633711,8058,345258,441735,-1357755,37LDG
122,3,103.643999148033,34.5350369570934,48,375562.639416262,3822317.27850156,5852,169257,375555,3822315,48SUD
123,4,-56.3054009781654,-25.0761977063484,21,570049.603748778,-2773565.01852315,12335,402452,570045,-2773575,21JWN
124,2,13.4824894840948,14.7605497003764,33,336659.424830115,1632393.20878246,4555,245586,336645,1632405,33PUS
125,2,133.811825128779,67.4450983937315,53,449144.002883806,7481486.82689673,8305,33951,449145,7481475,53WMQ
126,1,-102.503102134472,28.1725983971861,13,745152.325788805,3118845.25100248,18172,196038,745155,3118845,13RGM
127,3,46.753965344662,39.3608309698348,38,651109.17843853,4358286.73417603,15037,158057,651105,4358295,38SPJ
128,1,-58.1885265780097,53.4744079658758,21,421116.225498922,5925704.13229684,7371,112476,421125,5925705,21UVV
129,4,-55.5443340773571,-20.6085794147579,21,651688.883643815,-2279507.38069257,15056,385983,651675,-2279505,21KXT
130,5,-83.6532087317198,43.308335813731,16,771432.762704707,4800496.78523978,19048,149983,771435,4800495,16TGP
131,5,97.7252048233039,55.1963869304527,47,418854.334697909,6117386.80315025,7295,99421,418845,6117375,47UMB
132,2,48.9583764499361,53.0685321739549,39,363210.962174455,5881842.6794047,5441,107272,363225,5881845,39UUU
133,1,24.707019032867,-26.7279574504462,35,271920.070320113,-2958357.95830346,2398,398611,271935,-2958345,35JKL
134,6,118.734668625746,62.587756002864,50,589094.267834609,6940856.93904563,12970,51972,589095,6940845,50VNQ
135,2,131.203663527086,-20.8061354637457,52,729361.123470748,-2302259.62982681,17646,350075,729375,-2302245,52KGC
136,3,45.4762160834989,8.12498174284357,38,552463.102552592,898145.632753524,11749,273395,552465,898155,38PNQ
137,1,90.3953400331544,67.5890530943144,45,644395.203427711,7501005.31340083,14813,53300,644385,7501005,45WXR
138,6,-112.911558248534,42.9399965619288,12,344038.381539049,4755924.23711964,4801,134803,344025,4755915,12TUN
139,6,-64.0100953232331,-35.7546329680183,20,408679.824713341,-3957204.60147447,6956,438574,408675,-3957195,20HMF
140,2,69.5887196854021,41.5246651309415,42,549117.633957345,4597169.8231298,11637,150095,549105,4597155,42TWM
141,4,112.692151822745,26.4938063366634,49,668647.198700471,2931482.81825484,15622,195617,668655,2931495,49RFK
142,5,72.7958176104394,62.1038940272041,43,384960.184598666,6887710.15211667,6166,70409,384975,6887715,43VCJ
143,3,116.910193536711,47.9429257120086,50,493293.456179736,5309960.58852387,9777,106335,493305,5309955,50UMU
144,4,67.0398180091928,52.7940355349848,42,367833.216446982,5851160.05264754,5595,108295,367845,5851155,42UUD
145,1,99.3601179258291,10.8127990408767,47,539365.523438769,1195303.87084298,11312,263490,539355,1195305,47PNN
146,2,-9.73730194632338,15.8752242028748,29,421064.271398347,1755272.38714263,7369,244824,421065,1755285,29PMT
147,6,-8.45882299661639,32.5233400669795,29,550824.905104861,3598575.44578749,11694,183381,550815,3598575,29SNS
148,3,9.5885976702408,50.365787283425,32,541862.018197111,5579467.49277972,11396,67351,541875,5579475,32UNA
149,2,144.364998457396,-22.9578357729604,55,229810.49740883,-2541276.75216887,994,371377,229815,-2541285,55KBQ
150,2,-0.507869194245103,41.1612822843265,30,709089.213877632,4559655.11094471,16970,81345,709095,4559655,30TYL
151,2,22.2440419625853,-32.0203454022782,34,617484.529932883,-3543367.16567573,13916,384780,617475,-3543375,34HFK
152,5,129.442130388967,42.3428624422825,52,536419.003734107,4687939.63809319,11214,117069,536415,4687935,52TEM
153,3,89.5239186421078,49.7407570198285,45,681843.012175202,5512864.88901114,16062,119571,681855,5512875,45UXR
154,6,-1.25812162736651,46.9514556760754,30,632545.83959707,5201242.16327475,14418,59959,632535,5201235,30TXT
155,4,-98.9243086465892,32.843272657656,14,507083.246439701,3633914.89156307,10236,182203,507075,3633915,14SNB
156,2,116.57322776088,50.9694806731172,50,470033.978767769,5646517.72720009,9001,95116,470025,5646525,50UMB
157,1,-109.230131499976,71.7815112348078,12,561751.143053167,7965468.215156,12059,27818,561765,7965465,12WWE
158,2,37.0229359498332,47.6228362179242,37,351450.834348634,5276275.08555376,5049,124124,351465,5276265,37TCN
159,1,-75.7071306510181,38.5647355567276,18,438394.586119025,4268713.62249741,7947,167709,438405,4268715,18SVH
160,2,24.49291149999,14.0099817504791,35,229192.439975902,1550265.26298062,973,248324,229185,1550265,35PKR
161,5,171.758873268967,68.4721066934092,59,531076.407446998,7595692.9521113,11036,6810,531075,7595685,59WNS
162,2,22.985391524501,-21.0637579488547,34,706282.459969518,-2330488.81185579,16876,344350,706275,-2330475,34KGB
163,6,-67.1779550655336,-12.8590024531791,19,697726.210343098,-1422243.27853491,16591,357408,697725,-1422255,19LFF
164,1,131.184677411485,-27.2403534652121,52,716321.116630338,-3014945.37197762,17211,373832,716325,-3014955,52JGQ
165,3,36.3465043715897,5.4665577307554,37,205962.413313276,604886.242542687,199,279837,205965,604875,37NBG
166,5,-120.95294731834,38.9498877400107,10,677390.845927054,4313208.16220293,12579,146226,677385,4313205,10SFJ
167,3,88.9891118049228,44.2427338734966,45,658824.556718939,4900757.2286539,15294,139975,658815,4900755,45TXK
168,4,73.0273392390728,30.0560257751621,43,309829.535797942,3326633.5343335,3661,189112,309825,3326625,43RCP
169,6,125.228894433652,62.0770947577555,51,616431.853220815,6884770.02360754,13881,47175,616425,6884775,51VXJ
170,4,-107.765416871723,46.7261508245107,12,747156.902912025,5179815.10768209,18239,120673,747165,5179815,12TYS
171,1,-109.215671297206,43.0443908510389,12,645334.592644295,4767289.27156112,14845,134424,645345,4767285,12TXN
172,3,39.713106538118,38.5534706703203,37,562135.738717623,4267467.64143939,12071,157751,562125,4267455,37SEC
173,1,68.5669261463767,30.9026955208248,42,458614.036551743,3418898.56468764,8621,189370,458625,3418905,42RVV
174,4,-100.421143881945,26.63206880758,14,358536.220913485,2946471.07567763,5285,205118,358545,2946465,14RLQ
175,5,-58.0815522684149,-30.5179557959424,21,396229.735089214,-3376678.71208601,6541,422555,396225,-3376665,21JUG
176,4,-103.418852857721,34.456731960147,13,645236.07977107,3813933.39165493,14841,172868,645225,3813945,13SFU
177,2,129.637361813328,-17.5782625789105,52,567632.511277314,-1943640.77003169,12255,338122,567645,-1943655,52KEF
178,2,-37.5463952881813,-4.7937668480541,24,661204.938114119,-530038.587738791,15374,327667,661215,-530025,24MXV
179,3,31.5111780480137,57.9048927075039,36,411768.019579385,6419092.88273489,7059,49364,411765,6419085,36VVK
180,5,5.05552984715777,49.4293274874473,31,649045.278800138,5477215.11323755,14968,114094,649035,5477205,31UFQ
181,1,172.326036439835,-40.9977606170427,59,611526.876717469,-4539355.20424432,13718,411311,611535,-4539345,59GPQ
182,5,162.386551326787,69.5854028417849,57,631775.368796884,7723290.54710518,14393,5890,631785,7723305,57WXT
183,1,122.636518556461,-33.8750185611374,51,466384.110535957,-3748357.85795271,8880,401613,466395,-3748365,51HVC
184,4,-49.372423120117,-13.6824617779348,22,676023.11259023,-1513200.10510165,15868,360440,676035,-1513215,22LFK
185,3,-64.3862527430402,-24.1871239538273,20,359198.180610518,-2675641.99302385,5307,395856,359205,-2675655,20KLU
186,1,75.6367348422711,18.4183328939621,43,567246.805146633,2036587.33604588,12242,232113,567255,2036595,43QEA
187,2,130.909383352447,-22.7230825737255,52,696099.040150292,-2514128.10142831,16537,357138,696105,-2514135,52KFV
188,6,74.8649005612582,53.6097747501198,43,491061.682331462,5940114.91620953,9702,101996,491055,5940105,43UDV
189,5,35.2348015065972,40.5158501408582,36,689326.357241106,4487413.49392898,16311,113753,689325,4487415,36TXK
190,3,92.290086122266,53.8132835688515,46,453257.840782421,5962981.54762941,8442,104567,453255,5962995,46UDE
191,2,102.442238666338,37.9890853487205,48,275383.857862835,4207691.09506159,2513,156411,275385,4207695,48STH
192,2,38.3215381429024,45.2158881672282,37,446728.024736439,5007157.16497808,8224,133094,446715,5007165,37TDL
193,3,-36.520480403816,-8.36551020143222,24,773074.340601584,-925565.984404055,19103,340852,773085,-925575,24LYR
194,6,73.3433177248864,31.2164997888026,43,342191.259179201,3454778.58915968,4740,184840,342195,3454785,43RCQ
195,1,48.1175821270786,25.8790685135323,39,211163.695951401,2865464.45346525,372,207818,211155,2865465,39RTJ
196,6,63.772043954431,30.5481845744719,41,574050.292977154,3379784.7686552,12469,190674,574065,3379785,41RNP
197,1,84.2095412000691,46.0332108086776,44,748368.928005258,5102746.88906301,18279,129908,748365,5102745,44TQS
198,4,-104.908527161271,47.2507195426236,13,506921.676663156,5233030.3336776,10231,125565,506925,5233035,13TEN
199,4,22.7212952160322,-7.8161487632932,34,689797.024973649,-864360.706517868,16327,295480,689805,-864375,34MFS
200,4,9.97067650064039,11.2886328362275,32,605940.638437738,1248069.68531904,13532,211731,605955,1248075,32PPT
201,6,-56.4186161364096,-28.3046535622979,21,557002.096580333,-3131088.28725996,11900,414369,556995,-3131085,21JWJ
202,1,14.9538463913638,7.97960712886143,33,494913.656876182,882043.673235805,9831,270598,494925,882045,33NVJ
203,6,116.322604710124,41.2641158458055,50,443257.865600986,4568298.32911063,8109,131057,443265,4568295,50TML
204,2,-59.7600183442357,-16.9467047828995,21,206036.786167271,-1875724.19783965,201,372524,206025,-1875735,21KTB
205,6,-59.1094071226507,-37.7363920943919,21,314128.084369176,-4178662.45164102,3804,449288,314115,-4178655,21HUU
206,1,-72.1505800674151,-5.57700271102155,18,815706.788118928,-617209.277606694,20524,330573,815715,-617205,18MZU
207,5,-154.828082033793,60.04527449707,05,398181.832582268,6657860.83781538,6606,44739,398175,6657855,05VLG
208,2,34.2172960987148,13.7415188904734,36,631611.196214023,1519472.0243594,14387,212684,631605,1519485,36PXA
209,4,-58.7553185891538,-14.5657599449577,21,310888.691464259,-1611026.71224706,3696,363700,310875,-1611015,21LUD
210,2,27.767549064222,26.4415165066318,35,576526.498441656,2924808.75363355,12551,202506,576525,2924805,35RNK
211,3,131.249387008582,-16.8452866504896,52,739679.195450278,-1863803.90428474,17989,335460,739665,-1863795,52KGG
212,6,8.03921864396372,48.3152306160357,32,428768.116967912,5351783.80883825,7626,74941,428775,5351775,32UMU
213,6,-52.4662076911316,-12.1674355945086,22,340473.177875477,-1345498.72953955,4683,354849,340485,-1345485,22LCM
214,3,-104.714252720792,43.6857731461663,13,523030.10125892,4837012.98567418,10768,138766,523035,4837005,13TEJ
215,1,-126.592673542206,62.3825685033712,09,624484.45339786,6919117.52665453,10816,39362,624495,6919125,09VXK
216,2,-105.432419815071,51.8278299232026,13,470200.461056103,5741977.65296023,9007,108600,470205,5741985,13UDT
217,3,-64.8341612400613,-28.934190781374,20,321223.421150963,-3202079.26989716,4041,413403,321225,-3202065,20JLP
218,5,122.109589595726,71.6622672190264,51,468734.13273678,7951492.52195459,8958,11618,468735,7951485,51WVV
219,4,128.869027788039,-18.5805095012655,52,486181.004224022,-2054417.83100984,9540,341814,486195,-2054415,52KDE
220,5,-79.8209164622995,43.7697543645907,17,594897.07628516,4846975.99444539,13163,148434,594885,4846965,17TNJ
221,5,87.4907768137948,61.3431214916595,45,526257.098542276,6801105.43688617,10875,76630,526245,6801105,45VWJ
222,4,9.5334632017736,35.847263508238,32,548172.530416182,3967139.29451287,11606,121096,548175,3967125,32SNE
223,3,140.80256272138,-33.4381935099248,54,481647.927823789,-3699884.25342207,9388,406663,481635,-3699885,54HVJ
224,6,-3.86236620245384,57.8016759294455,30,448745.529713577,6406956.88110585,8292,19768,448755,6406965,30VVK
225,2,131.520253047943,-22.0178760741583,52,760170.762805633,-2436951.70832649,18673,354565,760185,-2436945,52KGA
226,5,100.170839506713,16.0069094260448,47,625273.096303725,1770052.65205537,14176,244332,625275,1770045,47PPT
227,1,-41.447312445697,63.8687716665291,24,379757.944912351,7084697.15767291,5992,73843,379755,7084695,24VUR
228,1,32.2153704323208,34.6924960637426,36,428133.635123817,3839223.00104065,7605,135359,428145,3839235,36SVD
229,5,101.754932926236,52.9746287493831,47,684973.383711059,5872999.72682394,16166,107567,684975,5872995,47UPU
230,5,74.6614873845952,32.523124015369,43,468208.467116029,3598472.93661824,8940,180050,468195,3598485,43SDS
231,5,-67.3425749402817,-34.9043903056107,19,651425.841894264,-3863693.84769333,15048,438789,651435,-3863685,19HFB
232,2,49.164915649273,51.8005837764055,39,373466.517455032,5740451.60502103,5782,111985,373455,5740455,39UUT
233,6,-108.969662249181,40.9818976584774,12,670806.292325429,4538732.72538332,15694,142042,670815,4538745,12TXL
234,2,137.347365558496,-17.8924295255372,53,748705.33184573,-1979850.28237291,18290,349329,748695,-1979865,53KQA
235,5,40.1198041362844,37.9879079441331,37,598333.485420766,4205064.87172669,13278,159831,598335,4205055,37SEC
236,6,-63.173621883295,-16.6029127756309,20,481480.6245954,-1835636.132726,9383,367855,481485,-1835625,20KMG
237,5,-4.9727152928844,14.1843202183685,30,287098.566699962,1569009.73556643,2903,181033,287085,1569015,30PTA
238,3,117.682885935423,32.8569835465401,50,563895.705983815,3635638.90058579,12130,162146,563895,3635625,50SNB
239,3,42.8711860106826,57.315243062649,38,371786.801243888,6354483.27161517,5726,91517,371775,6354495,38VLJ
240,2,-101.76789307241,37.763219805711,14,256183.185772578,4183152.46482776,1873,163895,256185,4183155,14SKG
241,2,136.790982697121,-18.4284822859483,53,689159.75194321,-2038527.0168265,16305,351284,689145,-2038515,53KPV
242,4,45.0799713566101,-24.2053275258162,38,508121.01677577,-2676961.78152737,10271,392566,508125,-2676975,38KNU
243,1,8.91165040631947,14.1287996938659,32,490464.393070884,1561972.78382784,9682,201268,490455,1561965,32PMA
244,2,138.061964524344,-24.8315819233285,53,809497.82441601,-2749774.48395915,20317,374993,809505,-2749785,53JRN
245,6,-96.4990965582511,29.0849815708042,14,743429.38112562,3219984.50264599,18114,196001,743415,3219975,14RQT
246,6,109.909855005878,40.3739119376602,49,407454.182513468,4469829.47829871,6915,144339,407445,4469835,49TDE
247,6,133.704678627273,56.7486353047645,53,420784.907757968,6290154.62005628,7360,73662,420795,6290145,53VMC
248,4,9.81038791711043,51.4716539687739,32,556285.715728698,5702588.12233805,11876,63247,556275,5702595,32UNC
249,3,38.5446720761604,36.3589875319913,37,459149.043768573,4023862.84542956,8638,165871,459135,4023855,37SDA
250,6,-7.52848790789017,41.8422654005767,29,622169.134832057,4633310.02752222,14072,148890,622155,4633305,29TPG
251,5,30.1720443755238,48.9634322789158,35,732164.868877989,5428240.59704818,17739,119058,732165,5428245,35UQQ
252,5,-143.889116758436,65.3744917561346,06,644595.538582511,7253761.58233882,14820,21541,644595,7253775,06WXT
253,1,74.6487957607947,44.8777520182926,43,472260.935145687,4969430.33208186,9076,134352,472275,4969425,43TDK
254,1,127.643840915821,-29.9397770515716,52,369116.513000748,-3312885.35814996,5637,383763,369105,-3312885,52JCM
255,3,46.5128201692129,3.40793014609255,38,668062.828358708,376815.048906104,15602,290773,668055,376815,38NPJ
256,6,-5.36489855300829,50.2290631764049,30,331329.928533891,5566775.68053221,4378,47774,331335,5566785,30UUA
257,6,46.0489571018728,-22.4234083375351,38,607954.185976876,-2480070.51562265,13599,386003,607965,-2480085,38KPA
258,3,-2.53199395298012,13.2573652271452,30,550698.916043697,1465644.54164182,11690,184479,550695,1465635,30PWV
259,2,23.9843892636701,14.6460820475337,34,821493.421493479,1621300.15940854,20717,212624,821505,1621305,34PHB
260,1,-108.211025133644,30.1418738625733,12,768659.703152331,3337791.316851,18955,182074,768645,3337785,12RYU
261,6,17.0092996982423,50.4036563055695,33,642785.894853876,5585442.19896184,14760,113818,642795,5585445,33UXR
262,4,38.862522758627,5.59133587892154,37,484774.511423069,618032.055515685,9493,279398,484785,618045,37NDG
263,1,47.0936331588855,36.7145675616731,38,686989.215993887,4065252.11160832,16233,167825,686985,4065255,38SPF
264,3,35.7097211248991,31.2140933746272,36,758151.529202726,3456494.27438207,18605,148117,758145,3456495,36RYV
265,2,-79.8849171033078,-6.44172957171847,17,623310.254981386,-712169.352670828,14111,333738,623325,-712155,17MPN
266,2,141.090914237274,-33.8095588766427,54,508414.423605935,-3741044.28523391,10281,408035,508425,-3741045,54HWH
267,6,29.8124615854482,-12.1775707197408,35,806072.901382942,-1347774.73320233,20203,344925,806085,-1347765,35LRG
268,5,-160.933554146063,63.5149761949895,03,702236.762177768,7049395.70624535,13407,28354,702225,7049385,03VXL
269,4,-65.9172331492204,-31.7726510226663,20,223720.417771574,-3518941.65770225,791,423966,223725,-3518955,20HKK
270,3,-5.35783475208234,33.9440032172769,30,282092.96210755,3758451.63443482,2737,108052,282105,3758445,30STC
271,2,-108.420876836893,34.3078728153236,12,737343.187769176,3799305.28515464,17912,166690,737355,3799305,12SYD
272,6,44.2128519892493,41.3252884463372,38,434125.913844755,4575166.99874396,7804,150828,434115,4575165,38TML
273,1,34.3747725310979,55.9998781152994,36,585738.750641532,6206918.85270752,12858,56436,585735,6206925,36VWH
274,4,8.69652176858423,39.924499240331,32,474066.659892563,4419421.50547598,9136,106019,474075,4419435,32TMK
275,3,6.80933356234007,10.4923878809707,32,260228.135354788,1160688.47384979,2008,214644,260235,1160685,32PKS
276,3,74.1747980751273,30.5515946359266,43,420853.681732005,3380198.80656011,7362,187326,420855,3380205,43RDP
277,4,43.6108771843863,9.22929255310694,38,347399.055762324,1020499.02079828,4913,269317,347385,1020495,38PLR
278,5,-61.5891305043637,-28.0206438716158,20,638701.689892592,-3100291.57435558,14624,410011,638715,-3100305,20JPQ
279,6,-51.6389716963472,-22.5287473772414,22,434291.12787512,-2491494.16541387,7810,393049,434295,-2491485,22KDA
280,3,36.2802655260924,-15.1245559225461,37,207682.690594096,-1673913.72117592,256,355797,207675,-1673925,37LBD
281,5,-96.4000172178454,32.2779718788005,14,744874.852566904,3574215.76000264,18163,184193,744885,3574215,14SQA
282,6,46.6830921150589,-22.4876936493132,38,673147.640417295,-2487782.32925018,15772,386260,673155,-2487795,38KPA
283,5,161.108811289349,65.1036077353482,57,599044.725392774,7221655.11395261,13302,22612,599055,7221645,57WWN
284,1,77.4984521515179,22.7359309205524,43,756597.968199242,2516451.0551479,18553,216118,756585,2516445,43QGF
285,5,-149.786724291187,62.7712171165682,06,357774.384242672,6963175.64812809,5259,31228,357765,6963165,06VUQ
286,6,-96.8810253689011,33.5375163342686,14,696754.418426037,3712889.27967025,16559,179571,696765,3712875,14SPC
287,4,43.166532134688,34.4497254303104,38,331570.285928642,3813547.22851887,4386,176215,331575,3813555,38SLD
288,2,-42.7529312671236,-2.82838978371313,23,749804.089831092,-312866.41121138,18327,320428,749805,-312855,23MQS
289,2,-12.609048160209,18.1920848090946,28,752896.462977614,2013085.35029191,18430,236231,752895,2013075,28QGF
290,4,-60.5221964747122,-23.4479498428804,20,753137.735233524,-2595288.03564369,18438,393177,753135,-2595285,20KQV
291,2,67.6859819665351,50.4491743340705,42,406710.008397424,5589398.8108599,6891,117020,406725,5589405,42UVA
292,1,-66.5864941074838,-21.7894154595899,19,749544.075551006,-2411470.24826239,18318,390382,749535,-2411475,19KGR
293,6,-86.6290695636754,33.599523946315,16,534414.627163057,3717815.079184,11147,186072,534405,3717825,16SEC
294,4,39.0695781597844,36.8514841671986,37,506202.811161694,4078399.49155553,10207,164053,506205,4078395,37SEA
295,4,-44.4207281127973,-15.072626745825,23,562255.908134552,-1666440.69968604,12075,365548,562245,-1666455,23LND
296,3,104.545528811234,35.4068129378664,48,458734.906077055,3918253.41087672,8625,166059,458745,3918255,48SVE
297,6,-124.977740048591,60.9885740650386,10,393005.106077568,6763129.83423874,3100,64562,393015,6763125,10VCN
298,1,-48.608389408971,-24.3096425244397,22,742714.630266452,-2690595.14314612,18091,399686,742725,-2690595,22KGU
299,4,-103.037923326874,29.6239653566741,13,689966.247578095,3278727.06651461,16332,190709,689955,3278715,13RFN
300,3,24.7054498424535,12.7086797260919,35,250828.262498435,1406018.12709307,1694,253132,250815,1406025,35PKQ
