,mgrs_tile_id,granules_in_2020,granules_in_2021,granules_in_2022,granules_in_2023,granules_in_2024,granules_in_2025
0,10TDT,0.0,30.0,24.0,32.0,36.0,15.0
1,11TLH,0.0,0.0,30.0,31.0,37.0,15.0
2,12STA,0.0,0.0,30.0,33.0,34.0,14.0
3,12UUD,0.0,0.0,27.0,30.0,32.0,14.0
4,13RCK,0.0,0.0,31.0,32.0,35.0,15.0
5,13VEC,0.0,30.0,0.0,0.0,0.0,0.0
6,14RNU,0.0,0.0,30.0,31.0,32.0,15.0
7,14SPH,0.0,30.0,28.0,31.0,34.0,16.0
8,16SBF,0.0,0.0,28.0,30.0,34.0,13.0
9,17MPT,0.0,0.0,30.0,31.0,34.0,14.0
10,17SQT,0.0,0.0,29.0,30.0,33.0,14.0
11,17TPG,0.0,0.0,25.0,30.0,31.0,13.0
12,17UPT,0.0,0.0,28.0,30.0,32.0,13.0
13,19NBD,0.0,30.0,23.0,33.0,32.0,14.0
14,19PFK,0.0,30.0,1.0,0.0,10.0,14.0
15,19TBG,0.0,30.0,29.0,32.0,33.0,15.0
16,20HMD,0.0,0.0,30.0,34.0,37.0,14.0
17,20HMJ,0.0,0.0,29.0,31.0,35.0,14.0
18,20JQM,0.0,26.0,29.0,30.0,32.0,13.0
19,20KNG,0.0,30.0,14.0,32.0,29.0,14.0
20,20KPF,0.0,0.0,14.0,33.0,28.0,14.0
21,20LMM,0.0,31.0,29.0,28.0,29.0,12.0
22,20LNJ,0.0,30.0,13.0,26.0,29.0,11.0
23,20LQL,0.0,61.0,29.0,33.0,29.0,13.0
24,20MMA,0.0,0.0,31.0,29.0,27.0,14.0
25,20TLP,0.0,0.0,30.0,32.0,35.0,15.0
26,21HUC,0.0,0.0,28.0,32.0,31.0,13.0
27,21HUU,0.0,0.0,27.0,34.0,33.0,13.0
28,21JTF,0.0,55.0,29.0,30.0,34.0,13.0
29,21JVJ,0.0,29.0,30.0,33.0,35.0,13.0
30,21LWC,0.0,0.0,30.0,32.0,32.0,11.0
31,21MVS,0.0,0.0,31.0,34.0,31.0,13.0
32,22KFA,0.0,29.0,29.0,33.0,32.0,14.0
33,22LDQ,0.0,0.0,30.0,32.0,32.0,14.0
34,22LDR,0.0,0.0,30.0,32.0,32.0,13.0
35,22LEQ,0.0,0.0,30.0,32.0,32.0,14.0
36,22MDT,0.0,29.0,30.0,33.0,33.0,14.0
37,22MGB,0.0,35.0,31.0,34.0,35.0,14.0
38,28PHR,0.0,0.0,29.0,33.0,31.0,14.0
39,29SPC,0.0,30.0,31.0,32.0,43.0,15.0
40,30SUD,0.0,60.0,31.0,32.0,42.0,16.0
41,30SXB,0.0,0.0,31.0,35.0,35.0,16.0
42,31PGN,0.0,0.0,30.0,33.0,30.0,13.0
43,31UCQ,0.0,0.0,31.0,35.0,40.0,14.0
44,32VMQ,0.0,0.0,31.0,37.0,41.0,15.0
45,33LWG,0.0,29.0,0.0,0.0,0.0,9.0
46,33MXS,0.0,0.0,31.0,28.0,32.0,13.0
47,33NUF,0.0,0.0,29.0,34.0,29.0,15.0
48,33PUR,0.0,0.0,31.0,34.0,31.0,14.0
49,33QTU,0.0,0.0,31.0,34.0,31.0,14.0
50,34KBF,0.0,0.0,0.0,0.0,0.0,9.0
51,34LBM,0.0,29.0,0.0,0.0,0.0,8.0
52,34LEM,0.0,29.0,0.0,0.0,0.0,8.0
53,34PCC,,,,,,
54,35MRM,0.0,0.0,30.0,32.0,32.0,14.0
55,35UNR,0.0,0.0,31.0,34.0,39.0,16.0
56,35VLF,0.0,0.0,31.0,33.0,40.0,15.0
57,36NUN,0.0,0.0,29.0,32.0,31.0,14.0
58,36PVR,0.0,0.0,29.0,32.0,30.0,14.0
59,36RTS,0.0,0.0,30.0,33.0,41.0,16.0
60,36UXA,0.0,0.0,31.0,33.0,45.0,16.0
61,37NEG,0.0,0.0,30.0,32.0,32.0,14.0
62,37VDH,0.0,59.0,31.0,34.0,34.0,15.0
63,38KNB,0.0,0.0,29.0,31.0,32.0,14.0
64,38RMN,0.0,0.0,29.0,28.0,36.0,14.0
65,38ULE,0.0,0.0,30.0,33.0,35.0,14.0
66,40SFC,0.0,0.0,30.0,32.0,34.0,14.0
67,41UPB,0.0,0.0,0.0,0.0,2.0,0.0
68,41WPQ,,,,,,
69,43QDD,0.0,0.0,28.0,30.0,34.0,14.0
70,43QEU,0.0,0.0,29.0,20.0,28.0,14.0
71,43QFE,0.0,30.0,29.0,22.0,28.0,14.0
72,44PKB,0.0,0.0,29.0,33.0,30.0,15.0
73,44QKM,0.0,0.0,29.0,33.0,30.0,14.0
74,45TUK,0.0,0.0,31.0,32.0,31.0,14.0
75,47NRG,0.0,0.0,29.0,32.0,33.0,13.0
76,47TNH,0.0,0.0,30.0,32.0,31.0,14.0
77,48MUD,0.0,30.0,28.0,31.0,31.0,14.0
78,48RWV,0.0,54.0,27.0,30.0,34.0,14.0
79,49RGN,0.0,0.0,30.0,31.0,30.0,13.0
80,50KNB,0.0,0.0,24.0,33.0,34.0,13.0
81,50NPL,0.0,29.0,31.0,30.0,33.0,14.0
82,50SLJ,0.0,0.0,30.0,32.0,35.0,14.0
83,50SMF,0.0,52.0,30.0,32.0,34.0,15.0
84,50ULE,0.0,30.0,0.0,0.0,0.0,0.0
85,50UNF,0.0,30.0,0.0,0.0,0.0,0.0
86,51JYM,,,,,,
87,51KVV,0.0,0.0,32.0,31.0,32.0,14.0
88,52TDP,0.0,0.0,28.0,31.0,30.0,14.0
89,52UCF,0.0,0.0,28.0,32.0,31.0,14.0
90,52UED,0.0,0.0,1.0,0.0,0.0,0.0
91,52VCH,0.0,0.0,27.0,31.0,30.0,14.0
92,53KKU,0.0,0.0,31.0,28.0,33.0,15.0
93,53KQV,0.0,0.0,31.0,30.0,32.0,13.0
94,53LKC,0.0,0.0,31.0,30.0,32.0,14.0
95,53VMG,,,,,,
96,54HXH,0.0,0.0,31.0,31.0,34.0,14.0
97,60HTF,0.0,0.0,30.0,31.0,34.0,14.0
